<products elments="3281" clientid="73933" lang="pl" datetime="17.06.2024 20:05:35" template="1" version="3">
  <product>
    <ean><![CDATA[050234935753]]></ean>
    <id>51</id>
    <sku><![CDATA[93575]]></sku>
    <name><![CDATA[Pędzelek Lens Pen]]></name>
    <desc><![CDATA[<p>Flamaster do czyszczenia soczewek "Magic Lens Pen" jest nowym, wysoko użytecznym przyrządem pozwalającym na proste usuwanie odcisków palców, tłustych plam i innych zanieczyszczeń z powierzchni optyki teleskopu, okularów i innych optycznych akcesoriów. Jeden koniec flamastra jest zakończony wysuwanym pędzelkiem, drugi natomiast posiada okrągłą, powleczoną delikatnym materiałem końcówkę dozującą specjalny, pozbawiony właściwości ściernych czyszczący puder. Czyszczenie optyki za pomocą Magic Lens Pen przynosi rewelacyjne efekty, nawet w przypadku wyjątkowo trudnych do usunięcia plam. Wyjątkiem są lustra teleskopowe lub akcesoria teleskopowe, które nie powinny być czyszczone za pomocą flamastra Magic Lens Pen.</p>]]></desc>
    <url><![CDATA[https://b2b.deltaoptical.pl/pl/pedzelek-lens-pen?modal=true]]></url>
    <categories>
      <category id="111"><![CDATA[Akcesoria Astronomiczne\Celestron]]></category>
      <category id="94"><![CDATA[Konserwacja]]></category>
      <category id="3311215271222488259"><![CDATA[Akcesoria Astronomiczne]]></category>
    </categories>
    <attributes></attributes>
    <unit><![CDATA[szt.]]></unit>
    <weight>0,03</weight>
    <PKWiU>9005 90 00</PKWiU>
    <inStock>True</inStock>
    <qty>6</qty>
    <availability></availability>
    <requiredBox>False</requiredBox>
    <quantityPerBox>1</quantityPerBox>
    <priceAfterDiscountNet>68,42</priceAfterDiscountNet>
    <vat>23</vat>
    <retailPriceGross>99</retailPriceGross>
    <photos>
      <photo id="14334" main="1"><![CDATA[https://b2b.deltaoptical.pl/zasoby/import/l/lens-pen_4_1_2.jpg]]></photo>
      <photo id="7627" main="0"><![CDATA[https://b2b.deltaoptical.pl/zasoby/import/l/lens-pen_1_1_2.jpg]]></photo>
      <photo id="7628" main="0"><![CDATA[https://b2b.deltaoptical.pl/zasoby/import/l/lens-pen_15e72271ae777750b994ecd2b0a265cf.jpg]]></photo>
      <photo id="7626" main="0"><![CDATA[https://b2b.deltaoptical.pl/zasoby/import/l/lens-pen_2_2_1.jpg]]></photo>
      <photo id="7625" main="0"><![CDATA[https://b2b.deltaoptical.pl/zasoby/import/l/lens-pen_3_1_2.jpg]]></photo>
    </photos>
  </product>
 </products>