<?xml version="1.0" encoding="utf-8"?>
<produkty>
  <produkt>
    <id><![CDATA[6]]></id>
    <nazwa><![CDATA[Softshell Falcon grey M]]></nazwa>
    <nazwa_pl><![CDATA[Softshell Falcon grey M]]></nazwa_pl>
    <nazwa_en><![CDATA[Softshell Falcon grey M]]></nazwa_en>
    <dlugi_opis><![CDATA[
-elastyczny materiał zwiększający komfort ruchu,
-zespolona polarowa podpinka zapewniająca doskonałą ciepłotę ciała,
-dwie duże zasuwane  kieszenie piersiowe,
-trzy zasuwane kieszenie na rękawach, dwie wyposażone dodatkowo w panele velcro,
-tylna duża kieszeń zamykana na zamki błyskawiczne,
-regulacja kaptura, mankietów i dolnej części kurtki,
]]></dlugi_opis>
    <dlugi_opis_pl><![CDATA[
-elastyczny materiał zwiększający komfort ruchu,
-zespolona polarowa podpinka zapewniająca doskonałą ciepłotę ciała,
-dwie duże zasuwane  kieszenie piersiowe,
-trzy zasuwane kieszenie na rękawach, dwie wyposażone dodatkowo w panele velcro,
-tylna duża kieszeń zamykana na zamki błyskawiczne,
-regulacja kaptura, mankietów i dolnej części kurtki,
]]></dlugi_opis_pl>
    <dlugi_opis_en><![CDATA[
-4-way elastic fabric laminated with fleece,
-windproof, breathable and partially rainproof,
-two large zippered front pockets,
-three zippered sleeve pockets,
-velcro panels for id patches,
-back pocket closed with 2 zippers
-waterproof: 2000mm, breathable: 1500g/m2/24h



 
]]></dlugi_opis_en>
    <kod><![CDATA[02-FAL-CO-GR-M]]></kod>
    <ean><![CDATA[5902414816459]]></ean>
    <status><![CDATA[1]]></status>
    <cena_zewnetrzna_hurt><![CDATA[157.5]]></cena_zewnetrzna_hurt>
    <cena_sugerowana><![CDATA[315.00]]></cena_sugerowana>
    <kod_dostawcy><![CDATA[TEXAR]]></kod_dostawcy>
    <vat><![CDATA[0.230]]></vat>
    <rozmiar><![CDATA[M]]></rozmiar>
    <kolor><![CDATA[Grey]]></kolor>
    <cat><![CDATA[Odzież/Kurtki/Softshell Falcon]]></cat>
    <cat_pl><![CDATA[Odzież/Kurtki/Softshell Falcon]]></cat_pl>
    <cat_en><![CDATA[Garments/Jackets/Softshell Falcon]]></cat_en>
    <zdjecia>
      <zdjecie url="https://texar.info.pl/img/towary/1/2019_03/softshell-falcon-grey.jpg" />
    </zdjecia>
  </produkt>
 </produkty>