<offer xmlns:iaiext="http://www.iai-shop.com/developers/iof/extensions.phtml" file_format="IOF" generated="2024-06-16 23:12:24" iaiext:currency="PLN" version="2.5" extensions="yes">
<products xmlns:iaiext="http://www.iai-shop.com/developers/iof/extensions.phtml" language="pol">
    <product id="9944" currency="PLN" code_producer="kj0527" iaiext:site="6">
      <producer id="1308137277" name="Fjord Nansen" />
      <category id="1214554243" xml:lang="pol" name="01 PODRÓŻE I TREKKING/06 kuchnia turystyczna/04 termosy i piersiówki" />
      <unit id="0" xml:lang="pol" name="szt." />
      <warranty id="1" iaiext:type="seller" iaiext:period="24" />
      <card url="https://b2b.fjordnansen.pl/product-pol-9944-Termos-HONER-0-5-L.html" />
      <description>
        <name xml:lang="eng"><![CDATA[HONER 0.5 L thermos]]></name>
        <name xml:lang="ger"><![CDATA[Termos HONER 0.5 L]]></name>
        <name xml:lang="pol"><![CDATA[Termos HONER 0.5 L]]></name>
        <name xml:lang="ukr"><![CDATA[Termos HONER 0,5 l]]></name>
        <version name="0.5">
          <name xml:lang="eng"><![CDATA[0.5]]></name>
          <name xml:lang="ger"><![CDATA[0.5]]></name>
          <name xml:lang="pol"><![CDATA[0.5]]></name>
          <name xml:lang="ukr"><![CDATA[0.5]]></name>
        </version>
        <long_desc xml:lang="eng"><![CDATA[<p>Thermos <strong>Fjord Nansen</strong> <strong>HONER</strong> is the undisputed leader in its class. An excellent tourist thermos equipped with a reliable screw-in stopper, guaranteeing the highest thermal performance. It has excellent thermal insulation for both hot and cold liquids with high resistance to mechanical damage. In addition, the use of rubberized black lining provides a secure grip and looks great.</p><p>In a thermos <strong>HONER</strong> a classic screw-in stopper is used. To fill the cup, simply unscrew it slightly and tilt it - this protects its contents from unnecessary cooling.</p><p>Thermoses from the series <strong>HONER</strong> win in travel tests. The tests consisted of pouring boiling water over the thermos and checking the temperature every 2 hours.</p><ul><li><strong> test "Mountain Magazine" - 48/2007 r.;</strong></li><li><strong>test "n.p.m" - 5/2007 r.</strong></li></ul><p>All thermoses currently in production <strong>HONER</strong> have plugs and cups made of polypropylene (PP) and silicone seals. Both of these raw materials <strong>bPA-free</strong>.</p><p><strong>Main features:</strong></p><ul><li>very good thermal insulation for hot and cold drinks;</li><li>high quality workmanship;</li><li>available replacement parts (cork, cup);</li><li>easy to wash;</li><li>rubber lining provides a secure grip;</li><li>BPA free.</li></ul><p><strong>Parameters:</strong></p><ul><li>material: stainless steel, polypropylene, silicone;</li><li>dimensions: 24.5 x 6.8 cm;</li><li><strong>fluid temperature after 12h: 72.3ºC;</strong></li><li><strong>fluid temperature after 24h: 57.4ºC</strong>;</li><li>color: black;</li><li>capacity: 0.5 liter;</li><li><strong>weight: 290 g</strong>.</li></ul><p style="line-height: 100%; margin-bottom: 0cm;"><strong>maintenance:</strong></p><ul><li><strong>washing thermoses - </strong>we do not recommend washing any parts of our thermos in the dishwasher. Neither the stopper nor the cup is designed for this, and the inside of the thermos will not wash out.</li><li>wash the cup and stopper with ordinary liquid. Thermos from the inside with a brush, as for bottles. Once in a while you can rinse the inside with lemon juice and leave it soaked like this for a few hours, rinse in the morning.</li></ul><p><img style="display: block; margin-left: auto; margin-right: auto;" src="/data/include/cms/newsletter-Jacek/honer_do_opisu.png" border="0" alt="honer" width="900" height="270" /></p><p> </p>]]></long_desc>
        <long_desc xml:lang="ger"><![CDATA[<p><img src="/data/include/cms/newsletter-Jacek/honer_do_opisu.png" border="0" alt="honer" width="900" height="270" /></p>
<p>Termos w wersji z zakręcanym korkiem (bez automatu). To klasyczne rozwiązanie wydłuża czas trzymania temperatury. Do napełnienia kubka wystarczy lekko odkręcić korek i przechylić termos - chroni to jego zawartość przed niepotrzebnym wychłodzeniem.<br />Termos posiada doskonałą izolację termiczną (dla płynów zarówno gorących jak i zimnych) przy dużej odporności na uszkodzenia mechaniczne. <br />Gumowa czarna okładzina zapewnia pewny chwyt i świetnie wygląda.</p>
<p><strong><strong>Termosy Fjord Nansen zwyciężają w testach termosów turystycznych czasopism  </strong><a href="http://www.npm.pl/" target="new"><strong>"n.p.m."</strong></a><strong> i </strong><strong><a href="http://www.alpinmedia.com.pl/site2/magazyn_gorski.php" target="new">"Magazyn Górski"</a></strong></strong></p>
<p style="text-align: center;">Termos Fjord Nansen HONER to niekwestionowany lider w swojej klasie. Doskonały termos turystyczny wyposażony w niezawodny, wkręcany korek gwarantujący najwyższe parametry termiczne. Posiada doskonałą izolację termiczną zarówno dla płynów gorących jak i zimnych przy dużej odporności na uszkodzenia mechaniczne. Dodatkowo zastosowanie gumowanej czarnej okładziny zapewnia pewny chwyt i świetnie wygląda.<span> </span><br />Termosy Honer dostępne są w trzech pojemnościach: 0.5, 0.7 oraz 1.0 L.</p>
<p style="text-align: left;"><span>Wszystkie obecnie produkowane termosy HONER posiadają korki i kubki wykonane z </span><strong>polipropylenu (PP)</strong><span> </span>i <span>uszczelki z silikonu.</span><strong><span> </span></strong><span>Oba te surowce<span> </span><strong>nie zawierają </strong></span><strong><span class="il">BPA</span></strong><span>.</span></p>]]></long_desc>
        <long_desc xml:lang="pol"><![CDATA[<p>Termos <strong>Fjord Nansen</strong> <strong>HONER</strong> to niekwestionowany lider w swojej klasie. Doskonały termos turystyczny wyposażony w niezawodny, wkręcany korek, gwarantujący najwyższe parametry termiczne. Posiada doskonałą izolację termiczną zarówno dla płynów gorących jak i zimnych przy dużej odporności na uszkodzenia mechaniczne. Dodatkowo zastosowanie gumowanej czarnej okładziny zapewnia pewny chwyt i świetnie wygląda.</p>
<p>W termosie <strong>HONER</strong> zastosowano klasyczny wkręcany korek. Do napełnienia kubka wystarczy lekko go odkręcić i przechylić - chroni to jego zawartość przed niepotrzebnym wychłodzeniem.</p>
<p>Termosy z serii <strong>HONER</strong> zwyciężają w testach turystycznych. Testy polegały na zalaniu wrzątkiem termosów i sprawdzeniu co 2 godziny temperatury.</p>
<ul>
<li><strong> test „Magazyn Górski” - 48/2007 r.;</strong></li>
<li><strong>test „n.p.m” – 5/2007 r.</strong></li>
</ul>
<p>Wszystkie obecnie produkowane termosy <strong>HONER</strong> posiadają korki i kubki wykonane z polipropylenu (PP) i uszczelki z silikonu. Oba te surowce <strong>nie zawierają BPA</strong>.</p>
<p><strong>Główne cechy:</strong></p>
<ul>
<li>bardzo dobra izolacja termiczna gorących i zimnych napojów;</li>
<li>wysoka jakość wykonania;</li>
<li>dostępne części zamienne (korek, kubek);</li>
<li>łatwy do umycia;</li>
<li>gumowa okładzina zapewnia pewny chwyt;</li>
<li>BPA free.</li>
</ul>
<p><strong>Parametry:</strong></p>
<ul>
<li>materiał: stal nierdzewna, polipropylen, silikon;</li>
<li>wymiary: 24.5 x 6.8 cm;</li>
<li><strong>temperatura płynu po 12h: 72.3ºC;</strong></li>
<li><strong>temperatura płynu po 24h: 57.4ºC</strong>;</li>
<li>kolor: black;</li>
<li>pojemność: 0.5 litra;</li>
<li><strong>waga: 290 g</strong>.</li>
</ul>
<p style="line-height: 100%; margin-bottom: 0cm;"><strong>konserwacja:</strong></p>
<ul>
<li><strong>mycie termosów - </strong>żadnych elementów naszego termosu nie polecamy myć w zmywarce. Ani korek, ani kubek nie są do tego przystosowane, a wnętrze termosu nie domyje się.</li>
<li>kubek i korek myjemy zwykłym płynem. Termos od środka szczoteczką, jak do butelek. Raz na jakiś czas można przepłukać wnętrze sokiem z cytryny i tak namoczone zostawić na kilka godzin, rano wypłukać.</li>
</ul>
<p><img style="display: block; margin-left: auto; margin-right: auto;" src="/data/include/cms/newsletter-Jacek/honer_do_opisu.png" border="0" alt="honer" width="900" height="270" /></p>
<p> </p>]]></long_desc>
        <long_desc xml:lang="ukr"><![CDATA[<p> <img src="/data/include/cms/newsletter-Jacek/honer_do_opisu.png" border="0" alt="Honer" width="900" height="270" /></p>
<p>Termos w wersji z zakręcanym korkiem (bez automatu). To klasyczne rozwiązanie wydłuża czas trzymania temperatury. Do napełnienia kubka wystarczy lekko odkręcić korek i przechylić termos - chroni to jego zawartość przed niepotrzebnym wychłodzeniem.<br />Termos posiada doskonałą izolację termiczną (dla płynów zarówno gorących jak i zimnych) przy dużej odporności na uszkodzenia mechaniczne. <br />Gumowa czarna okładzina zapewnia pewny chwyt i świetnie wygląda.</p>
<p><strong><strong>Termosy Fjord Nansen zwyciężają w testach termosów turystycznych czasopism  </strong><a href="http://www.npm.pl/" target="new"><strong>"n.p.m."</strong></a><strong> i </strong><strong><a href="http://www.alpinmedia.com.pl/site2/magazyn_gorski.php" target="new">"Magazyn Górski"</a></strong></strong></p>
<p style="text-align: center;">Termos Fjord Nansen HONER to niekwestionowany lider w swojej klasie. Doskonały termos turystyczny wyposażony w niezawodny, wkręcany korek gwarantujący najwyższe parametry termiczne. Posiada doskonałą izolację termiczną zarówno dla płynów gorących jak i zimnych przy dużej odporności na uszkodzenia mechaniczne. Dodatkowo zastosowanie gumowanej czarnej okładziny zapewnia pewny chwyt i świetnie wygląda.<span> </span><br />Termosy Honer dostępne są w trzech pojemnościach: 0.5, 0.7 oraz 1.0 L.</p>
<p style="text-align: left;"><span>Wszystkie obecnie produkowane termosy HONER posiadają korki i kubki wykonane z </span><strong>polipropylenu (PP)</strong><span> </span>i <span>uszczelki z silikonu.</span><strong><span> </span></strong><span>Oba te surowce<span> </span><strong>nie zawierają </strong></span><strong><span class="il">BPA</span></strong><span>.</span></p>]]></long_desc>
        <short_desc xml:lang="eng"><![CDATA[Classic steel thermos with screw cap. HONER in a mini version - only 0.5 l.]]></short_desc>
        <short_desc xml:lang="ger"><![CDATA[Klasyczny stalowy termos z zakręcanym korkiem. HONER w wersji mini - tylko 0,5 l.]]></short_desc>
        <short_desc xml:lang="pol"><![CDATA[Klasyczny stalowy termos z zakręcanym korkiem. HONER w wersji mini - tylko 0,5 l.]]></short_desc>
        <short_desc xml:lang="ukr"><![CDATA[Klasyczny stalowy termos z zakręcanym korkiem. HONER w wersji mini - tylko 0,5 L.]]></short_desc>
      </description>
      <price gross="79.99" net="65.03" vat="23.0" />
      <srp gross="79.99" net="65.03" vat="23.0" />
      <images iaiext:external="yes">
        <large>
          <image url="https://b2b.fjordnansen.pl/hpeciai/1a4abe5da61ab6e6ae9e2e894183cdc2/9944_1.webp" iaiext:url2="https://b2b.fjordnansen.pl/hpeciai/939bf5f87049b4cbe382f2006fc32dbc/9944_1.jpg" date_changed="2023-10-18 15:33:26" hash="b8939e23c9275cf6ef96a8e08eee52e2" iaiext:width="2400" iaiext:height="2400" />
          <image url="https://b2b.fjordnansen.pl/hpeciai/1b1e784243a58921d26f9ebc2958cd28/9944_2.webp" iaiext:url2="https://b2b.fjordnansen.pl/hpeciai/fe6c3c8228276c58f81734c58c2dfae7/9944_2.jpg" date_changed="2023-10-18 15:33:26" hash="c81724347e0091005cd9b4b35de71353" iaiext:width="2400" iaiext:height="2400" />
          <image url="https://b2b.fjordnansen.pl/hpeciai/0a47f2f35ca0975ed48c569b747cdfd7/9944_3.webp" iaiext:url2="https://b2b.fjordnansen.pl/hpeciai/0eff1f9cddd43fb93cc11a8e6c6e3a7a/9944_3.jpg" date_changed="2023-10-18 15:33:26" hash="2d988fdaaae951e4dd6272e40f232e44" iaiext:width="2400" iaiext:height="2400" />
        </large>
        <icons>
          <icon url="https://b2b.fjordnansen.pl/hpeciai/b26c9b6abfe3bf27d309875acabcbfc9/9944.webp" iaiext:url2="https://b2b.fjordnansen.pl/hpeciai/a40dcfaa36e4efceaa8cf079eeb52157/9944.jpg" date_changed="2024-04-03 18:30:59" hash="d1d03af98851e3dab251be85de079637" iaiext:width="300" iaiext:height="300" />
        </icons>
        <iaiext:originals>
          <iaiext:image url="https://b2b.fjordnansen.pl/hpeciai/4a288b30f0ff8d7945ffff0befddcb02/9944_1.jpg" width="2400" height="2400" />
          <iaiext:image url="https://b2b.fjordnansen.pl/hpeciai/b1f9bd7367443482538db95f96e4207b/9944_2.jpg" width="2400" height="2400" />
          <iaiext:image url="https://b2b.fjordnansen.pl/hpeciai/cdfb38602a7c0c3d91956f7b61a8f954/9944_3.jpg" width="2400" height="2400" />
        </iaiext:originals>
      </images>
      <iaiext:icons>
        <iaiext:auction_icon date_changed="2023-10-18 15:31:51" hash="d1d03af98851e3dab251be85de079637" height="2400" width="2400" url="https://b2b.fjordnansen.pl/hpeciai/1a4abe5da61ab6e6ae9e2e894183cdc2/9944.webp" iaiext:url2="https://b2b.fjordnansen.pl/hpeciai/939bf5f87049b4cbe382f2006fc32dbc/9944.jpg" />
      </iaiext:icons>
      <sizes>
        <size id="202" code_producer="5908221333684" code="9944-202" weight="0">
          <price gross="79.99" net="65.03" />
          <srp gross="79.99" net="65.03" />
          <stock id="7" quantity="43" />
        </size>
      </sizes>
      <parameters>
        <parameter id="234" xml:lang="pol" name="Pojemność [l]" iaiext:priority="0">
          <value id="21342" xml:lang="pol" name="0.5" iaiext:priority="0" />
        </parameter>
        <parameter id="16" xml:lang="pol" name="Waga [g]" iaiext:priority="1">
          <value id="16433" xml:lang="pol" name="290" iaiext:priority="0" />
        </parameter>
        <parameter id="29861" xml:lang="pol" name="Materiał" iaiext:priority="2">
          <value id="21916" xml:lang="pol" name="stal nierdzewna " iaiext:priority="0" />
          <value id="13820" xml:lang="pol" name="polipropylen" iaiext:priority="1" />
          <value id="4749" xml:lang="pol" name="silikon" iaiext:priority="2" />
        </parameter>
        <parameter id="15702" xml:lang="pol" name="Wymiary [cm]" iaiext:priority="3">
          <value id="17333" xml:lang="pol" name="24.5 x 6.8" iaiext:priority="0" />
        </parameter>
        <parameter id="30" xml:lang="pol" name="Kolor" iaiext:priority="5">
          <value id="15154" xml:lang="pol" name="black" iaiext:priority="0" />
        </parameter>
        <parameter id="28447" xml:lang="pol" name="g100s" iaiext:priority="6">
          <value id="28448" xml:lang="pol" name="tak" iaiext:priority="0" />
        </parameter>
        <parameter id="27936" xml:lang="pol" name="prodavab" iaiext:priority="7">
          <value id="28762" xml:lang="pol" name="34179" iaiext:priority="0" />
        </parameter>
      </parameters>
      <group id="9944">
        <group_by_parameter id="43ca7a9b8309e6bb22502b402d7bc87b" name="Pojemność [l]">
          <product_value id="d310cb367d993fb6fb584b198a2fd72c" name="0.5" />
        </group_by_parameter>
      </group>
    </product>
</products>
</offer>