﻿<?xml version="1.0" encoding="utf-8"?>
<!--Delivered by KrzySzko-->
<offered>
    <product>
        <sourcefilename>dostawca1plik1.xml</sourcefilename>
        <id>9944</id>
        <name />
        <size>202</size>
        <categories />
        <description />
        <quantity />
        <images />
        <accepted>True</accepted>
    </product>
    <product>
        <sourcefilename>dostawca1plik1.xml</sourcefilename>
        <id>11076</id>
        <name />
        <size>0</size>
        <categories />
        <description />
        <quantity />
        <images />
        <accepted>False</accepted>
    </product>
    <product>
        <sourcefilename>dostawca1plik2.xml</sourcefilename>
        <id>9944</id>
        <name>Termos HONER 0.5 L</name>
        <size>202</size>
        <categories />
        <description>&lt;p&gt;Termos &lt;strong&gt;Fjord Nansen&lt;/strong&gt; &lt;strong&gt;HONER&lt;/strong&gt; to niekwestionowany lider w swojej klasie. Doskonały termos turystyczny wyposażony w niezawodny, wkręcany korek, gwarantujący najwyższe parametry termiczne. Posiada doskonałą izolację termiczną zarówno dla płynów gorących jak i zimnych przy dużej odporności na uszkodzenia mechaniczne. Dodatkowo zastosowanie gumowanej czarnej okładziny zapewnia pewny chwyt i świetnie wygląda.&lt;/p&gt;
&lt;p&gt;W termosie &lt;strong&gt;HONER&lt;/strong&gt; zastosowano klasyczny wkręcany korek. Do napełnienia kubka wystarczy lekko go odkręcić i przechylić - chroni to jego zawartość przed niepotrzebnym wychłodzeniem.&lt;/p&gt;
&lt;p&gt;Termosy z serii &lt;strong&gt;HONER&lt;/strong&gt; zwyciężają w testach turystycznych. Testy polegały na zalaniu wrzątkiem termosów i sprawdzeniu co 2 godziny temperatury.&lt;/p&gt;
&lt;ul&gt;
&lt;li&gt;&lt;strong&gt; test „Magazyn Górski” - 48/2007 r.;&lt;/strong&gt;&lt;/li&gt;
&lt;li&gt;&lt;strong&gt;test „n.p.m” – 5/2007 r.&lt;/strong&gt;&lt;/li&gt;
&lt;/ul&gt;
&lt;p&gt;Wszystkie obecnie produkowane termosy &lt;strong&gt;HONER&lt;/strong&gt; posiadają korki i kubki wykonane z polipropylenu (PP) i uszczelki z silikonu. Oba te surowce &lt;strong&gt;nie zawierają BPA&lt;/strong&gt;.&lt;/p&gt;
&lt;p&gt;&lt;strong&gt;Główne cechy:&lt;/strong&gt;&lt;/p&gt;
&lt;ul&gt;
&lt;li&gt;bardzo dobra izolacja termiczna gorących i zimnych napojów;&lt;/li&gt;
&lt;li&gt;wysoka jakość wykonania;&lt;/li&gt;
&lt;li&gt;dostępne części zamienne (korek, kubek);&lt;/li&gt;
&lt;li&gt;łatwy do umycia;&lt;/li&gt;
&lt;li&gt;gumowa okładzina zapewnia pewny chwyt;&lt;/li&gt;
&lt;li&gt;BPA free.&lt;/li&gt;
&lt;/ul&gt;
&lt;p&gt;&lt;strong&gt;Parametry:&lt;/strong&gt;&lt;/p&gt;
&lt;ul&gt;
&lt;li&gt;materiał: stal nierdzewna, polipropylen, silikon;&lt;/li&gt;
&lt;li&gt;wymiary: 24.5 x 6.8 cm;&lt;/li&gt;
&lt;li&gt;&lt;strong&gt;temperatura płynu po 12h: 72.3ºC;&lt;/strong&gt;&lt;/li&gt;
&lt;li&gt;&lt;strong&gt;temperatura płynu po 24h: 57.4ºC&lt;/strong&gt;;&lt;/li&gt;
&lt;li&gt;kolor: black;&lt;/li&gt;
&lt;li&gt;pojemność: 0.5 litra;&lt;/li&gt;
&lt;li&gt;&lt;strong&gt;waga: 290 g&lt;/strong&gt;.&lt;/li&gt;
&lt;/ul&gt;
&lt;p style="line-height: 100%; margin-bottom: 0cm;"&gt;&lt;strong&gt;konserwacja:&lt;/strong&gt;&lt;/p&gt;
&lt;ul&gt;
&lt;li&gt;&lt;strong&gt;mycie termosów - &lt;/strong&gt;żadnych elementów naszego termosu nie polecamy myć w zmywarce. Ani korek, ani kubek nie są do tego przystosowane, a wnętrze termosu nie domyje się.&lt;/li&gt;
&lt;li&gt;kubek i korek myjemy zwykłym płynem. Termos od środka szczoteczką, jak do butelek. Raz na jakiś czas można przepłukać wnętrze sokiem z cytryny i tak namoczone zostawić na kilka godzin, rano wypłukać.&lt;/li&gt;
&lt;/ul&gt;
&lt;p&gt;&lt;img style="display: block; margin-left: auto; margin-right: auto;" src="/data/include/cms/newsletter-Jacek/honer_do_opisu.png" border="0" alt="honer" width="900" height="270" /&gt;&lt;/p&gt;
&lt;p&gt; &lt;/p&gt;</description>
        <quantity />
        <images>
            <image>https://b2b.fjordnansen.pl/hpeciai/1a4abe5da61ab6e6ae9e2e894183cdc2/9944_1.webp</image>
            <image>https://b2b.fjordnansen.pl/hpeciai/1b1e784243a58921d26f9ebc2958cd28/9944_2.webp</image>
            <image>https://b2b.fjordnansen.pl/hpeciai/0a47f2f35ca0975ed48c569b747cdfd7/9944_3.webp</image>
        </images>
        <accepted>False</accepted>
    </product>
    <product>
        <sourcefilename>dostawca2plik1.xml</sourcefilename>
        <id>51</id>
        <name />
        <size />
        <categories />
        <description />
        <quantity>6</quantity>
        <images />
        <accepted>False</accepted>
    </product>
    <product>
        <sourcefilename>dostawca2plik2.xml</sourcefilename>
        <id>51</id>
        <name>Pędzelek Lens Pen</name>
        <size />
        <categories>
            <category>Akcesoria Astronomiczne\Celestron</category>
            <category>Konserwacja</category>
            <category>Akcesoria Astronomiczne</category>
        </categories>
        <description>&lt;p&gt;Flamaster do czyszczenia soczewek "Magic Lens Pen" jest nowym, wysoko użytecznym przyrządem pozwalającym na proste usuwanie odcisków palców, tłustych plam i innych zanieczyszczeń z powierzchni optyki teleskopu, okularów i innych optycznych akcesoriów. Jeden koniec flamastra jest zakończony wysuwanym pędzelkiem, drugi natomiast posiada okrągłą, powleczoną delikatnym materiałem końcówkę dozującą specjalny, pozbawiony właściwości ściernych czyszczący puder. Czyszczenie optyki za pomocą Magic Lens Pen przynosi rewelacyjne efekty, nawet w przypadku wyjątkowo trudnych do usunięcia plam. Wyjątkiem są lustra teleskopowe lub akcesoria teleskopowe, które nie powinny być czyszczone za pomocą flamastra Magic Lens Pen.&lt;/p&gt;</description>
        <quantity>6</quantity>
        <images>
            <image>https://b2b.deltaoptical.pl/zasoby/import/l/lens-pen_4_1_2.jpg</image>
            <image>https://b2b.deltaoptical.pl/zasoby/import/l/lens-pen_1_1_2.jpg</image>
            <image>https://b2b.deltaoptical.pl/zasoby/import/l/lens-pen_15e72271ae777750b994ecd2b0a265cf.jpg</image>
            <image>https://b2b.deltaoptical.pl/zasoby/import/l/lens-pen_2_2_1.jpg</image>
            <image>https://b2b.deltaoptical.pl/zasoby/import/l/lens-pen_3_1_2.jpg</image>
        </images>
        <accepted>False</accepted>
    </product>
    <product>
        <sourcefilename>dostawca3plik1.xml</sourcefilename>
        <id>6</id>
        <name>Softshell Falcon grey M</name>
        <size>M</size>
        <categories>
            <category>Odzież/Kurtki/Softshell Falcon</category>
        </categories>
        <description>
-elastyczny materiał zwiększający komfort ruchu,
-zespolona polarowa podpinka zapewniająca doskonałą ciepłotę ciała,
-dwie duże zasuwane  kieszenie piersiowe,
-trzy zasuwane kieszenie na rękawach, dwie wyposażone dodatkowo w panele velcro,
-tylna duża kieszeń zamykana na zamki błyskawiczne,
-regulacja kaptura, mankietów i dolnej części kurtki,
</description>
        <quantity />
        <images>
            <image>https://texar.info.pl/img/towary/1/2019_03/softshell-falcon-grey.jpg</image>
        </images>
        <accepted>False</accepted>
    </product>
</offered>